league,group,team,player_number,player_name,left,top,success,game_index,rival,home
PRIMERA FEB,Liga Regular Único,HLA ALICANTE,33,M. TORRES CUEVAS,5.48611%,92.961%,False,1,CLUB OURENSE BALONCESTO,True
PRIMERA FEB,Liga Regular Único,HLA ALICANTE,22,J. WALKER,93.8194%,3.35106%,False,1,CLUB OURENSE BALONCESTO,True
PRIMERA FEB,Liga Regular Único,HLA ALICANTE,22,J. WALKER,67.0139%,63.5461%,True,1,CLUB OURENSE BALONCESTO,True
PRIMERA FEB,Liga Regular Único,HLA ALICANTE,21,A. JORDA RODRIGUEZ,94.9306%,70.6206%,True,1,CLUB OURENSE BALONCESTO,True
PRIMERA FEB,Liga Regular Único,HLA ALICANTE,13,K. LARSEN,6.45833%,45.3014%,True,1,CLUB OURENSE BALONCESTO,True
PRIMERA FEB,Liga Regular Único,HLA ALICANTE,33,M. TORRES CUEVAS,94.9306%,53.617%,True,1,CLUB OURENSE BALONCESTO,True
PRIMERA FEB,Liga Regular Único,HLA ALICANTE,21,A. JORDA RODRIGUEZ,94.4444%,44.9291%,False,1,CLUB OURENSE BALONCESTO,True
PRIMERA FEB,Liga Regular Único,HLA ALICANTE,3,U. MENDICOTE RUBIO,94.6528%,44.4326%,True,1,CLUB OURENSE BALONCESTO,True
PRIMERA FEB,Liga Regular Único,HLA ALICANTE,8,J. MWEMA,91.3889%,4.96454%,False,1,CLUB OURENSE BALONCESTO,True
PRIMERA FEB,Liga Regular Único,HLA ALICANTE,13,K. LARSEN,15.4167%,46.5426%,False,1,CLUB OURENSE BALONCESTO,True
PRIMERA FEB,Liga Regular Único,HLA ALICANTE,14,I. TAMBA VILLEN,6.45833%,43.4397%,False,1,CLUB OURENSE BALONCESTO,True
PRIMERA FEB,Liga Regular Único,HLA ALICANTE,21,A. JORDA RODRIGUEZ,6.875%,4.96454%,True,1,CLUB OURENSE BALONCESTO,True
PRIMERA FEB,Liga Regular Único,HLA ALICANTE,13,K. LARSEN,74.6528%,35.1241%,False,1,CLUB OURENSE BALONCESTO,True
PRIMERA FEB,Liga Regular Único,HLA ALICANTE,13,K. LARSEN,31.5972%,28.422%,False,1,CLUB OURENSE BALONCESTO,True
PRIMERA FEB,Liga Regular Único,HLA ALICANTE,33,M. TORRES CUEVAS,24.5833%,27.1809%,True,1,CLUB OURENSE BALONCESTO,True
PRIMERA FEB,Liga Regular Único,HLA ALICANTE,23,D. GEU,94.2361%,52.6241%,False,1,CLUB OURENSE BALONCESTO,True
PRIMERA FEB,Liga Regular Único,HLA ALICANTE,13,K. LARSEN,68.0556%,36.9858%,True,1,CLUB OURENSE BALONCESTO,True
PRIMERA FEB,Liga Regular Único,HLA ALICANTE,34,B. DAVISON,79.7917%,9.80496%,True,1,CLUB OURENSE BALONCESTO,True
PRIMERA FEB,Liga Regular Único,HLA ALICANTE,21,A. JORDA RODRIGUEZ,75.2083%,64.0426%,False,1,CLUB OURENSE BALONCESTO,True
PRIMERA FEB,Liga Regular Único,HLA ALICANTE,22,J. WALKER,71.5278%,23.9539%,False,1,CLUB OURENSE BALONCESTO,True
PRIMERA FEB,Liga Regular Único,HLA ALICANTE,8,J. MWEMA,7.5%,92.961%,True,1,CLUB OURENSE BALONCESTO,True
PRIMERA FEB,Liga Regular Único,HLA ALICANTE,23,D. GEU,93.125%,54.734%,True,1,CLUB OURENSE BALONCESTO,True
PRIMERA FEB,Liga Regular Único,HLA ALICANTE,23,D. GEU,6.04167%,56.5957%,True,1,CLUB OURENSE BALONCESTO,True
PRIMERA FEB,Liga Regular Único,HLA ALICANTE,33,M. TORRES CUEVAS,91.0417%,4.84043%,True,1,CLUB OURENSE BALONCESTO,True
PRIMERA FEB,Liga Regular Único,HLA ALICANTE,8,J. MWEMA,17.0139%,93.4574%,False,1,CLUB OURENSE BALONCESTO,True
PRIMERA FEB,Liga Regular Único,HLA ALICANTE,33,M. TORRES CUEVAS,26.1806%,13.6525%,False,1,CLUB OURENSE BALONCESTO,True
PRIMERA FEB,Liga Regular Único,HLA ALICANTE,34,B. DAVISON,78.8889%,10.4255%,False,1,CLUB OURENSE BALONCESTO,True
PRIMERA FEB,Liga Regular Único,HLA ALICANTE,14,I. TAMBA VILLEN,5.48611%,55.727%,False,1,CLUB OURENSE BALONCESTO,True
PRIMERA FEB,Liga Regular Único,HLA ALICANTE,13,K. LARSEN,74.9306%,86.383%,True,1,CLUB OURENSE BALONCESTO,True
PRIMERA FEB,Liga Regular Único,HLA ALICANTE,3,U. MENDICOTE RUBIO,4.93056%,53.4929%,True,1,CLUB OURENSE BALONCESTO,True
PRIMERA FEB,Liga Regular Único,HLA ALICANTE,3,U. MENDICOTE RUBIO,5.76389%,55.727%,True,1,CLUB OURENSE BALONCESTO,True
PRIMERA FEB,Liga Regular Único,HLA ALICANTE,8,J. MWEMA,35.0694%,61.4362%,False,1,CLUB OURENSE BALONCESTO,True
PRIMERA FEB,Liga Regular Único,HLA ALICANTE,21,A. JORDA RODRIGUEZ,81.875%,47.5355%,False,1,CLUB OURENSE BALONCESTO,True
PRIMERA FEB,Liga Regular Único,HLA ALICANTE,8,J. MWEMA,67.7083%,34.8759%,True,1,CLUB OURENSE BALONCESTO,True
PRIMERA FEB,Liga Regular Único,HLA ALICANTE,22,J. WALKER,33.9583%,26.1879%,False,1,CLUB OURENSE BALONCESTO,True
PRIMERA FEB,Liga Regular Único,HLA ALICANTE,33,M. TORRES CUEVAS,76.3889%,49.6454%,False,1,CLUB OURENSE BALONCESTO,True
PRIMERA FEB,Liga Regular Único,HLA ALICANTE,22,J. WALKER,70.1389%,74.4681%,False,1,CLUB OURENSE BALONCESTO,True
PRIMERA FEB,Liga Regular Único,HLA ALICANTE,23,D. GEU,94.4444%,56.0993%,True,1,CLUB OURENSE BALONCESTO,True
PRIMERA FEB,Liga Regular Único,HLA ALICANTE,8,J. MWEMA,87.6389%,48.2801%,True,1,CLUB OURENSE BALONCESTO,True
PRIMERA FEB,Liga Regular Único,HLA ALICANTE,22,J. WALKER,8.40278%,46.6667%,True,1,CLUB OURENSE BALONCESTO,True
PRIMERA FEB,Liga Regular Único,HLA ALICANTE,23,D. GEU,6.31944%,45.7979%,True,1,CLUB OURENSE BALONCESTO,True
PRIMERA FEB,Liga Regular Único,HLA ALICANTE,3,U. MENDICOTE RUBIO,4.86111%,46.4184%,True,1,CLUB OURENSE BALONCESTO,True
PRIMERA FEB,Liga Regular Único,HLA ALICANTE,22,J. WALKER,4.44444%,52.5%,False,1,CLUB OURENSE BALONCESTO,True
PRIMERA FEB,Liga Regular Único,HLA ALICANTE,23,D. GEU,94.9306%,56.4716%,False,1,CLUB OURENSE BALONCESTO,True
PRIMERA FEB,Liga Regular Único,HLA ALICANTE,3,U. MENDICOTE RUBIO,93.0556%,56.4716%,True,1,CLUB OURENSE BALONCESTO,True
PRIMERA FEB,Liga Regular Único,HLA ALICANTE,3,U. MENDICOTE RUBIO,15.2778%,50.8865%,False,1,CLUB OURENSE BALONCESTO,True
PRIMERA FEB,Liga Regular Único,HLA ALICANTE,13,K. LARSEN,5.76389%,53.1206%,True,1,CLUB OURENSE BALONCESTO,True
PRIMERA FEB,Liga Regular Único,HLA ALICANTE,13,K. LARSEN,4.93056%,53.3688%,True,1,CLUB OURENSE BALONCESTO,True
PRIMERA FEB,Liga Regular Único,HLA ALICANTE,33,M. TORRES CUEVAS,95.1389%,52.6241%,True,1,CLUB OURENSE BALONCESTO,True
PRIMERA FEB,Liga Regular Único,HLA ALICANTE,23,D. GEU,91.4583%,48.9007%,False,1,CLUB OURENSE BALONCESTO,True
PRIMERA FEB,Liga Regular Único,HLA ALICANTE,34,B. DAVISON,7.29167%,46.0461%,False,1,CLUB OURENSE BALONCESTO,True
PRIMERA FEB,Liga Regular Único,HLA ALICANTE,22,J. WALKER,94.375%,44.6809%,True,1,CLUB OURENSE BALONCESTO,True
PRIMERA FEB,Liga Regular Único,HLA ALICANTE,22,J. WALKER,11.25%,58.4574%,False,1,CLUB OURENSE BALONCESTO,True
PRIMERA FEB,Liga Regular Único,HLA ALICANTE,8,J. MWEMA,5.90278%,44.9291%,False,1,CLUB OURENSE BALONCESTO,True
PRIMERA FEB,Liga Regular Único,HLA ALICANTE,22,J. WALKER,92.0833%,94.2021%,True,1,CLUB OURENSE BALONCESTO,True
PRIMERA FEB,Liga Regular Único,HLA ALICANTE,13,K. LARSEN,86.1806%,39.4681%,False,1,CLUB OURENSE BALONCESTO,True
PRIMERA FEB,Liga Regular Único,HLA ALICANTE,22,J. WALKER,5.69444%,45.1773%,True,1,CLUB OURENSE BALONCESTO,True
PRIMERA FEB,Liga Regular Único,HLA ALICANTE,21,A. JORDA RODRIGUEZ,89.1667%,92.2163%,True,1,CLUB OURENSE BALONCESTO,True
PRIMERA FEB,Liga Regular Único,CLUB OURENSE BALONCESTO,28,R. DIAS MARQUES LISBOA SANTOS,70.9722%,22.5887%,False,1,HLA ALICANTE,False
PRIMERA FEB,Liga Regular Único,CLUB OURENSE BALONCESTO,24,S. MC DONNELL,93.5417%,45.7979%,True,1,HLA ALICANTE,False
PRIMERA FEB,Liga Regular Único,CLUB OURENSE BALONCESTO,9,C. OKANU,92.0833%,44.4326%,True,1,HLA ALICANTE,False
PRIMERA FEB,Liga Regular Único,CLUB OURENSE BALONCESTO,3,K. SMITH,8.81944%,5.33688%,True,1,HLA ALICANTE,False
PRIMERA FEB,Liga Regular Único,CLUB OURENSE BALONCESTO,28,R. DIAS MARQUES LISBOA SANTOS,34.5833%,52.0035%,True,1,HLA ALICANTE,False
PRIMERA FEB,Liga Regular Único,CLUB OURENSE BALONCESTO,22,G. KALSCHEUR,69.0972%,72.234%,True,1,HLA ALICANTE,False
PRIMERA FEB,Liga Regular Único,CLUB OURENSE BALONCESTO,12,S. HUGUET CARRASCO,7.70833%,3.97163%,True,1,HLA ALICANTE,False
PRIMERA FEB,Liga Regular Único,CLUB OURENSE BALONCESTO,28,R. DIAS MARQUES LISBOA SANTOS,7.91667%,53.2447%,False,1,HLA ALICANTE,False
PRIMERA FEB,Liga Regular Único,CLUB OURENSE BALONCESTO,12,S. HUGUET CARRASCO,4.72222%,53.3688%,True,1,HLA ALICANTE,False
PRIMERA FEB,Liga Regular Único,CLUB OURENSE BALONCESTO,41,C. JÜRGENS,64.5833%,48.7766%,False,1,HLA ALICANTE,False
PRIMERA FEB,Liga Regular Único,CLUB OURENSE BALONCESTO,41,C. JÜRGENS,20.5556%,29.9113%,False,1,HLA ALICANTE,False
PRIMERA FEB,Liga Regular Único,CLUB OURENSE BALONCESTO,28,R. DIAS MARQUES LISBOA SANTOS,5.83333%,41.8262%,False,1,HLA ALICANTE,False
PRIMERA FEB,Liga Regular Único,CLUB OURENSE BALONCESTO,22,G. KALSCHEUR,95.4861%,68.3865%,True,1,HLA ALICANTE,False
PRIMERA FEB,Liga Regular Único,CLUB OURENSE BALONCESTO,3,K. SMITH,86.7361%,67.766%,True,1,HLA ALICANTE,False
PRIMERA FEB,Liga Regular Único,CLUB OURENSE BALONCESTO,35,R. GILL,5.20833%,47.6596%,False,1,HLA ALICANTE,False
PRIMERA FEB,Liga Regular Único,CLUB OURENSE BALONCESTO,41,C. JÜRGENS,95.6944%,53.4929%,True,1,HLA ALICANTE,False
PRIMERA FEB,Liga Regular Único,CLUB OURENSE BALONCESTO,27,M. IGLESIAS FERNANDEZ,19.6528%,29.1667%,False,1,HLA ALICANTE,False
PRIMERA FEB,Liga Regular Único,CLUB OURENSE BALONCESTO,3,K. SMITH,92.4306%,55.9752%,False,1,HLA ALICANTE,False
PRIMERA FEB,Liga Regular Único,CLUB OURENSE BALONCESTO,3,K. SMITH,93.8889%,44.1844%,True,1,HLA ALICANTE,False
PRIMERA FEB,Liga Regular Único,CLUB OURENSE BALONCESTO,27,M. IGLESIAS FERNANDEZ,7.36111%,57.961%,True,1,HLA ALICANTE,False
PRIMERA FEB,Liga Regular Único,CLUB OURENSE BALONCESTO,12,S. HUGUET CARRASCO,30.4861%,24.4504%,False,1,HLA ALICANTE,False
PRIMERA FEB,Liga Regular Único,CLUB OURENSE BALONCESTO,12,S. HUGUET CARRASCO,7.5%,5.21277%,False,1,HLA ALICANTE,False
PRIMERA FEB,Liga Regular Único,CLUB OURENSE BALONCESTO,35,R. GILL,5.97222%,43.5638%,False,1,HLA ALICANTE,False
PRIMERA FEB,Liga Regular Único,CLUB OURENSE BALONCESTO,35,R. GILL,6.94444%,45.5496%,False,1,HLA ALICANTE,False
PRIMERA FEB,Liga Regular Único,CLUB OURENSE BALONCESTO,22,G. KALSCHEUR,81.3889%,40.9574%,True,1,HLA ALICANTE,False
PRIMERA FEB,Liga Regular Único,CLUB OURENSE BALONCESTO,35,R. GILL,8.54167%,39.344%,True,1,HLA ALICANTE,False
PRIMERA FEB,Liga Regular Único,CLUB OURENSE BALONCESTO,41,C. JÜRGENS,75.9028%,42.0745%,True,1,HLA ALICANTE,False
PRIMERA FEB,Liga Regular Único,CLUB OURENSE BALONCESTO,41,C. JÜRGENS,5.97222%,43.5638%,True,1,HLA ALICANTE,False
PRIMERA FEB,Liga Regular Único,CLUB OURENSE BALONCESTO,23,D. SARAIVA SEIXAS,24.8611%,12.2872%,False,1,HLA ALICANTE,False
PRIMERA FEB,Liga Regular Único,CLUB OURENSE BALONCESTO,22,G. KALSCHEUR,34.375%,28.2979%,False,1,HLA ALICANTE,False
PRIMERA FEB,Liga Regular Único,CLUB OURENSE BALONCESTO,12,S. HUGUET CARRASCO,5.34722%,53.1206%,True,1,HLA ALICANTE,False
PRIMERA FEB,Liga Regular Único,CLUB OURENSE BALONCESTO,10,I. VAZQUEZ PEREZ,18.0556%,48.7766%,True,1,HLA ALICANTE,False
PRIMERA FEB,Liga Regular Único,CLUB OURENSE BALONCESTO,10,I. VAZQUEZ PEREZ,81.1806%,49.8936%,False,1,HLA ALICANTE,False
PRIMERA FEB,Liga Regular Único,CLUB OURENSE BALONCESTO,22,G. KALSCHEUR,78.8889%,47.6596%,True,1,HLA ALICANTE,False
PRIMERA FEB,Liga Regular Único,CLUB OURENSE BALONCESTO,10,I. VAZQUEZ PEREZ,29.6528%,78.5638%,True,1,HLA ALICANTE,False
PRIMERA FEB,Liga Regular Único,CLUB OURENSE BALONCESTO,41,C. JÜRGENS,94.7222%,55.727%,True,1,HLA ALICANTE,False
PRIMERA FEB,Liga Regular Único,CLUB OURENSE BALONCESTO,28,R. DIAS MARQUES LISBOA SANTOS,7.22222%,33.2624%,False,1,HLA ALICANTE,False
PRIMERA FEB,Liga Regular Único,CLUB OURENSE BALONCESTO,3,K. SMITH,92.7083%,4.21986%,True,1,HLA ALICANTE,False
PRIMERA FEB,Liga Regular Único,CLUB OURENSE BALONCESTO,10,I. VAZQUEZ PEREZ,70%,19.3617%,False,1,HLA ALICANTE,False
PRIMERA FEB,Liga Regular Único,CLUB OURENSE BALONCESTO,24,S. MC DONNELL,90.7639%,48.5284%,True,1,HLA ALICANTE,False
PRIMERA FEB,Liga Regular Único,CLUB OURENSE BALONCESTO,10,I. VAZQUEZ PEREZ,93.1944%,69.2553%,False,1,HLA ALICANTE,False
PRIMERA FEB,Liga Regular Único,CLUB OURENSE BALONCESTO,28,R. DIAS MARQUES LISBOA SANTOS,67.8472%,61.8085%,True,1,HLA ALICANTE,False
PRIMERA FEB,Liga Regular Único,CLUB OURENSE BALONCESTO,28,R. DIAS MARQUES LISBOA SANTOS,33.2639%,27.5532%,False,1,HLA ALICANTE,False
PRIMERA FEB,Liga Regular Único,CLUB OURENSE BALONCESTO,12,S. HUGUET CARRASCO,94.2361%,56.0993%,False,1,HLA ALICANTE,False
PRIMERA FEB,Liga Regular Único,CLUB OURENSE BALONCESTO,41,C. JÜRGENS,82.5%,44.5567%,False,1,HLA ALICANTE,False
PRIMERA FEB,Liga Regular Único,CLUB OURENSE BALONCESTO,24,S. MC DONNELL,86.1111%,93.7057%,False,1,HLA ALICANTE,False
PRIMERA FEB,Liga Regular Único,CLUB OURENSE BALONCESTO,3,K. SMITH,84.0278%,96.3121%,False,1,HLA ALICANTE,False
PRIMERA FEB,Liga Regular Único,CLUB OURENSE BALONCESTO,3,K. SMITH,92.3611%,5.95745%,False,1,HLA ALICANTE,False
PRIMERA FEB,Liga Regular Único,CLUB OURENSE BALONCESTO,22,G. KALSCHEUR,34.5139%,37.3582%,False,1,HLA ALICANTE,False
PRIMERA FEB,Liga Regular Único,CLUB OURENSE BALONCESTO,41,C. JÜRGENS,33.3333%,54.3617%,False,1,HLA ALICANTE,False
PRIMERA FEB,Liga Regular Único,CLUB OURENSE BALONCESTO,24,S. MC DONNELL,16.7361%,38.8475%,False,1,HLA ALICANTE,False
PRIMERA FEB,Liga Regular Único,CLUB OURENSE BALONCESTO,24,S. MC DONNELL,90.9722%,93.9539%,False,1,HLA ALICANTE,False
PRIMERA FEB,Liga Regular Único,CLUB OURENSE BALONCESTO,12,S. HUGUET CARRASCO,77.5%,89.6099%,False,1,HLA ALICANTE,False
PRIMERA FEB,Liga Regular Único,CLUB OURENSE BALONCESTO,28,R. DIAS MARQUES LISBOA SANTOS,80.5556%,26.1879%,True,1,HLA ALICANTE,False
PRIMERA FEB,Liga Regular Único,CLUB OURENSE BALONCESTO,12,S. HUGUET CARRASCO,92.1528%,94.078%,False,1,HLA ALICANTE,False
PRIMERA FEB,Liga Regular Único,CLUB OURENSE BALONCESTO,27,M. IGLESIAS FERNANDEZ,94.375%,55.6028%,True,1,HLA ALICANTE,False
PRIMERA FEB,Liga Regular Único,CLUB OURENSE BALONCESTO,22,G. KALSCHEUR,80.8333%,43.6879%,True,1,HLA ALICANTE,False
PRIMERA FEB,Liga Regular Único,CLUB OURENSE BALONCESTO,41,C. JÜRGENS,86.1111%,37.7305%,False,1,HLA ALICANTE,False
PRIMERA FEB,Liga Regular Único,CLUB OURENSE BALONCESTO,10,I. VAZQUEZ PEREZ,8.54167%,39.344%,False,1,HLA ALICANTE,False
PRIMERA FEB,Liga Regular Único,CLUB OURENSE BALONCESTO,3,K. SMITH,34.0278%,48.156%,False,1,HLA ALICANTE,False
PRIMERA FEB,Liga Regular Único,CLUB OURENSE BALONCESTO,24,S. MC DONNELL,14.4444%,94.3262%,True,1,HLA ALICANTE,False
PRIMERA FEB,Liga Regular Único,CLUB OURENSE BALONCESTO,41,C. JÜRGENS,65.625%,67.0213%,False,1,HLA ALICANTE,False
PRIMERA FEB,Liga Regular Único,CLUB OURENSE BALONCESTO,23,D. SARAIVA SEIXAS,5.83333%,12.7837%,False,1,HLA ALICANTE,False
PRIMERA FEB,Liga Regular Único,GRUPO ALEGA CANTABRIA,2,J. POWELL,27.2177%,22.1029%,False,1,CAJA RURAL CB ZAMORA,True
PRIMERA FEB,Liga Regular Único,GRUPO ALEGA CANTABRIA,3,D. ADDAE-WUSU,91.8442%,75.1181%,False,1,CAJA RURAL CB ZAMORA,True
PRIMERA FEB,Liga Regular Único,GRUPO ALEGA CANTABRIA,9,B. LUGARINI,83.5111%,41.1236%,False,1,CAJA RURAL CB ZAMORA,True
PRIMERA FEB,Liga Regular Único,GRUPO ALEGA CANTABRIA,9,B. LUGARINI,8.78535%,42.5805%,False,1,CAJA RURAL CB ZAMORA,True
PRIMERA FEB,Liga Regular Único,GRUPO ALEGA CANTABRIA,12,D. ALDERETE DIAZ,32.0183%,35.1341%,True,1,CAJA RURAL CB ZAMORA,True
PRIMERA FEB,Liga Regular Único,GRUPO ALEGA CANTABRIA,11,J. YU,13.2236%,47.6797%,False,1,CAJA RURAL CB ZAMORA,True
PRIMERA FEB,Liga Regular Único,GRUPO ALEGA CANTABRIA,3,D. ADDAE-WUSU,69.0641%,33.5962%,False,1,CAJA RURAL CB ZAMORA,True
PRIMERA FEB,Liga Regular Único,GRUPO ALEGA CANTABRIA,32,R. JOHNSON JR,8.51365%,46.3847%,True,1,CAJA RURAL CB ZAMORA,True
PRIMERA FEB,Liga Regular Único,GRUPO ALEGA CANTABRIA,32,R. JOHNSON JR,92.0706%,58.5255%,True,1,CAJA RURAL CB ZAMORA,True
PRIMERA FEB,Liga Regular Único,GRUPO ALEGA CANTABRIA,3,D. ADDAE-WUSU,88.9004%,42.7424%,False,1,CAJA RURAL CB ZAMORA,True
PRIMERA FEB,Liga Regular Único,GRUPO ALEGA CANTABRIA,32,R. JOHNSON JR,70.1057%,68.481%,False,1,CAJA RURAL CB ZAMORA,True
PRIMERA FEB,Liga Regular Único,GRUPO ALEGA CANTABRIA,8,S. RODRÍGUEZ RAMOS,69.6982%,30.2778%,True,1,CAJA RURAL CB ZAMORA,True
PRIMERA FEB,Liga Regular Único,GRUPO ALEGA CANTABRIA,34,G. KANDE KIELI,93.8821%,57.7162%,False,1,CAJA RURAL CB ZAMORA,True
PRIMERA FEB,Liga Regular Único,GRUPO ALEGA CANTABRIA,2,J. POWELL,9.28354%,55.6927%,False,1,CAJA RURAL CB ZAMORA,True
PRIMERA FEB,Liga Regular Único,GRUPO ALEGA CANTABRIA,32,R. JOHNSON JR,68.7924%,71.3948%,False,1,CAJA RURAL CB ZAMORA,True
PRIMERA FEB,Liga Regular Único,GRUPO ALEGA CANTABRIA,32,R. JOHNSON JR,10.5063%,39.9095%,True,1,CAJA RURAL CB ZAMORA,True
PRIMERA FEB,Liga Regular Único,GRUPO ALEGA CANTABRIA,12,D. ALDERETE DIAZ,75.9027%,12.9568%,True,1,CAJA RURAL CB ZAMORA,True
PRIMERA FEB,Liga Regular Único,GRUPO ALEGA CANTABRIA,8,S. RODRÍGUEZ RAMOS,11.0045%,54.8833%,True,1,CAJA RURAL CB ZAMORA,True
PRIMERA FEB,Liga Regular Único,GRUPO ALEGA CANTABRIA,12,D. ALDERETE DIAZ,70.6039%,27.1212%,True,1,CAJA RURAL CB ZAMORA,True
PRIMERA FEB,Liga Regular Único,GRUPO ALEGA CANTABRIA,2,J. POWELL,8.2872%,36.8338%,True,1,CAJA RURAL CB ZAMORA,True
PRIMERA FEB,Liga Regular Único,GRUPO ALEGA CANTABRIA,32,R. JOHNSON JR,92.297%,67.6717%,False,1,CAJA RURAL CB ZAMORA,True
PRIMERA FEB,Liga Regular Único,GRUPO ALEGA CANTABRIA,10,G. MARTINEZ DIAZ,11.8197%,6.48165%,False,1,CAJA RURAL CB ZAMORA,True
PRIMERA FEB,Liga Regular Único,GRUPO ALEGA CANTABRIA,9,B. LUGARINI,7.33616%,59.5777%,False,1,CAJA RURAL CB ZAMORA,True
PRIMERA FEB,Liga Regular Único,GRUPO ALEGA CANTABRIA,2,J. POWELL,30.7955%,72.0424%,False,1,CAJA RURAL CB ZAMORA,True
PRIMERA FEB,Liga Regular Único,GRUPO ALEGA CANTABRIA,8,S. RODRÍGUEZ RAMOS,92.8405%,93.3294%,False,1,CAJA RURAL CB ZAMORA,True
PRIMERA FEB,Liga Regular Único,GRUPO ALEGA CANTABRIA,10,G. MARTINEZ DIAZ,30.4332%,25.7452%,False,1,CAJA RURAL CB ZAMORA,True
PRIMERA FEB,Liga Regular Único,GRUPO ALEGA CANTABRIA,10,G. MARTINEZ DIAZ,91.4365%,42.9852%,False,1,CAJA RURAL CB ZAMORA,True
PRIMERA FEB,Liga Regular Único,GRUPO ALEGA CANTABRIA,3,D. ADDAE-WUSU,32.4711%,72.2043%,True,1,CAJA RURAL CB ZAMORA,True
PRIMERA FEB,Liga Regular Único,GRUPO ALEGA CANTABRIA,32,R. JOHNSON JR,24.908%,13.0378%,False,1,CAJA RURAL CB ZAMORA,True
PRIMERA FEB,Liga Regular Único,GRUPO ALEGA CANTABRIA,10,G. MARTINEZ DIAZ,29.0292%,21.2126%,False,1,CAJA RURAL CB ZAMORA,True
PRIMERA FEB,Liga Regular Único,GRUPO ALEGA CANTABRIA,10,G. MARTINEZ DIAZ,89.4439%,47.0322%,False,1,CAJA RURAL CB ZAMORA,True
PRIMERA FEB,Liga Regular Único,GRUPO ALEGA CANTABRIA,3,D. ADDAE-WUSU,91.663%,42.8233%,True,1,CAJA RURAL CB ZAMORA,True
PRIMERA FEB,Liga Regular Único,GRUPO ALEGA CANTABRIA,10,G. MARTINEZ DIAZ,12.182%,22.5886%,False,1,CAJA RURAL CB ZAMORA,True
PRIMERA FEB,Liga Regular Único,GRUPO ALEGA CANTABRIA,8,S. RODRÍGUEZ RAMOS,26.0402%,84.507%,True,1,CAJA RURAL CB ZAMORA,True
PRIMERA FEB,Liga Regular Único,GRUPO ALEGA CANTABRIA,10,G. MARTINEZ DIAZ,64.7165%,34.0819%,True,1,CAJA RURAL CB ZAMORA,True
PRIMERA FEB,Liga Regular Único,GRUPO ALEGA CANTABRIA,9,B. LUGARINI,89.8514%,39.9905%,False,1,CAJA RURAL CB ZAMORA,True
PRIMERA FEB,Liga Regular Único,GRUPO ALEGA CANTABRIA,10,G. MARTINEZ DIAZ,94.7879%,93.9769%,False,1,CAJA RURAL CB ZAMORA,True
PRIMERA FEB,Liga Regular Único,GRUPO ALEGA CANTABRIA,8,S. RODRÍGUEZ RAMOS,92.9311%,61.4393%,False,1,CAJA RURAL CB ZAMORA,True
PRIMERA FEB,Liga Regular Único,GRUPO ALEGA CANTABRIA,10,G. MARTINEZ DIAZ,88.8551%,46.9512%,True,1,CAJA RURAL CB ZAMORA,True
PRIMERA FEB,Liga Regular Único,GRUPO ALEGA CANTABRIA,2,J. POWELL,85.8661%,5.99599%,False,1,CAJA RURAL CB ZAMORA,True
PRIMERA FEB,Liga Regular Único,GRUPO ALEGA CANTABRIA,12,D. ALDERETE DIAZ,78.4841%,10.2048%,True,1,CAJA RURAL CB ZAMORA,True
PRIMERA FEB,Liga Regular Único,GRUPO ALEGA CANTABRIA,3,D. ADDAE-WUSU,94.1539%,54.8024%,True,1,CAJA RURAL CB ZAMORA,True
PRIMERA FEB,Liga Regular Único,GRUPO ALEGA CANTABRIA,3,D. ADDAE-WUSU,12.0914%,41.5283%,False,1,CAJA RURAL CB ZAMORA,True
PRIMERA FEB,Liga Regular Único,GRUPO ALEGA CANTABRIA,2,J. POWELL,88.8098%,42.4996%,False,1,CAJA RURAL CB ZAMORA,True
PRIMERA FEB,Liga Regular Único,GRUPO ALEGA CANTABRIA,9,B. LUGARINI,75.4498%,17.7322%,False,1,CAJA RURAL CB ZAMORA,True
PRIMERA FEB,Liga Regular Único,GRUPO ALEGA CANTABRIA,11,J. YU,31.9277%,53.9929%,False,1,CAJA RURAL CB ZAMORA,True
PRIMERA FEB,Liga Regular Único,GRUPO ALEGA CANTABRIA,12,D. ALDERETE DIAZ,83.647%,6.40071%,True,1,CAJA RURAL CB ZAMORA,True
PRIMERA FEB,Liga Regular Único,GRUPO ALEGA CANTABRIA,10,G. MARTINEZ DIAZ,68.2489%,34.8104%,False,1,CAJA RURAL CB ZAMORA,True
PRIMERA FEB,Liga Regular Único,GRUPO ALEGA CANTABRIA,12,D. ALDERETE DIAZ,26.4025%,83.8595%,False,1,CAJA RURAL CB ZAMORA,True
PRIMERA FEB,Liga Regular Único,GRUPO ALEGA CANTABRIA,32,R. JOHNSON JR,33.6486%,41.6093%,False,1,CAJA RURAL CB ZAMORA,True
PRIMERA FEB,Liga Regular Único,GRUPO ALEGA CANTABRIA,2,J. POWELL,11.8197%,33.6772%,False,1,CAJA RURAL CB ZAMORA,True
PRIMERA FEB,Liga Regular Único,GRUPO ALEGA CANTABRIA,32,R. JOHNSON JR,70.4228%,76.575%,True,1,CAJA RURAL CB ZAMORA,True
PRIMERA FEB,Liga Regular Único,GRUPO ALEGA CANTABRIA,11,J. YU,8.60423%,47.0322%,True,1,CAJA RURAL CB ZAMORA,True
PRIMERA FEB,Liga Regular Único,GRUPO ALEGA CANTABRIA,2,J. POWELL,8.06075%,38.7764%,False,1,CAJA RURAL CB ZAMORA,True
PRIMERA FEB,Liga Regular Único,GRUPO ALEGA CANTABRIA,3,D. ADDAE-WUSU,67.6602%,49.2985%,False,1,CAJA RURAL CB ZAMORA,True
PRIMERA FEB,Liga Regular Único,GRUPO ALEGA CANTABRIA,9,B. LUGARINI,10.0535%,42.9043%,False,1,CAJA RURAL CB ZAMORA,True
PRIMERA FEB,Liga Regular Único,GRUPO ALEGA CANTABRIA,32,R. JOHNSON JR,70.6039%,27.1212%,False,1,CAJA RURAL CB ZAMORA,True
PRIMERA FEB,Liga Regular Único,GRUPO ALEGA CANTABRIA,8,S. RODRÍGUEZ RAMOS,75.8121%,88.4731%,False,1,CAJA RURAL CB ZAMORA,True
PRIMERA FEB,Liga Regular Único,GRUPO ALEGA CANTABRIA,3,D. ADDAE-WUSU,27.3536%,18.7844%,True,1,CAJA RURAL CB ZAMORA,True
PRIMERA FEB,Liga Regular Único,CAJA RURAL CB ZAMORA,13,A. MARTINEZ CLARIANA,91.7989%,57.4733%,True,1,GRUPO ALEGA CANTABRIA,False
PRIMERA FEB,Liga Regular Único,CAJA RURAL CB ZAMORA,34,S. THRASTARSON,8.96651%,68.1573%,False,1,GRUPO ALEGA CANTABRIA,False
PRIMERA FEB,Liga Regular Único,CAJA RURAL CB ZAMORA,34,S. THRASTARSON,93.2028%,56.5021%,False,1,GRUPO ALEGA CANTABRIA,False
PRIMERA FEB,Liga Regular Único,CAJA RURAL CB ZAMORA,34,S. THRASTARSON,91.8442%,65.81%,True,1,GRUPO ALEGA CANTABRIA,False
PRIMERA FEB,Liga Regular Único,CAJA RURAL CB ZAMORA,21,J. VAN ZEGEREN,16.6202%,38.7764%,True,1,GRUPO ALEGA CANTABRIA,False
PRIMERA FEB,Liga Regular Único,CAJA RURAL CB ZAMORA,9,J. PERIS CRESPO,10.5969%,49.5413%,True,1,GRUPO ALEGA CANTABRIA,False
PRIMERA FEB,Liga Regular Único,CAJA RURAL CB ZAMORA,15,O. LO,12.0461%,49.2985%,False,1,GRUPO ALEGA CANTABRIA,False
PRIMERA FEB,Liga Regular Único,CAJA RURAL CB ZAMORA,34,S. THRASTARSON,94.6973%,60.3871%,False,1,GRUPO ALEGA CANTABRIA,False
PRIMERA FEB,Liga Regular Único,CAJA RURAL CB ZAMORA,34,S. THRASTARSON,33.6486%,52.8598%,True,1,GRUPO ALEGA CANTABRIA,False
PRIMERA FEB,Liga Regular Único,CAJA RURAL CB ZAMORA,3,C. ROGERS,80.6579%,29.954%,True,1,GRUPO ALEGA CANTABRIA,False
PRIMERA FEB,Liga Regular Único,CAJA RURAL CB ZAMORA,4,J. ROUND,8.01546%,45.899%,False,1,GRUPO ALEGA CANTABRIA,False
PRIMERA FEB,Liga Regular Único,CAJA RURAL CB ZAMORA,34,S. THRASTARSON,6.74739%,45.2515%,True,1,GRUPO ALEGA CANTABRIA,False
PRIMERA FEB,Liga Regular Único,CAJA RURAL CB ZAMORA,2,T. ROBERTS,85.5491%,54.2357%,False,1,GRUPO ALEGA CANTABRIA,False
PRIMERA FEB,Liga Regular Único,CAJA RURAL CB ZAMORA,15,O. LO,10.3252%,38.0479%,False,1,GRUPO ALEGA CANTABRIA,False
PRIMERA FEB,Liga Regular Único,CAJA RURAL CB ZAMORA,9,J. PERIS CRESPO,9.50998%,62.8153%,False,1,GRUPO ALEGA CANTABRIA,False
PRIMERA FEB,Liga Regular Único,CAJA RURAL CB ZAMORA,34,S. THRASTARSON,6.56623%,56.9067%,False,1,GRUPO ALEGA CANTABRIA,False
PRIMERA FEB,Liga Regular Único,CAJA RURAL CB ZAMORA,3,C. ROGERS,27.7159%,22.1029%,True,1,GRUPO ALEGA CANTABRIA,False
PRIMERA FEB,Liga Regular Único,CAJA RURAL CB ZAMORA,2,T. ROBERTS,71.6455%,21.3745%,True,1,GRUPO ALEGA CANTABRIA,False
PRIMERA FEB,Liga Regular Único,CAJA RURAL CB ZAMORA,55,J. PAUKSTÈ,91.2554%,59.254%,False,1,GRUPO ALEGA CANTABRIA,False
PRIMERA FEB,Liga Regular Único,CAJA RURAL CB ZAMORA,2,T. ROBERTS,24.1381%,51.16%,True,1,GRUPO ALEGA CANTABRIA,False
PRIMERA FEB,Liga Regular Único,CAJA RURAL CB ZAMORA,55,J. PAUKSTÈ,91.4818%,44.7659%,True,1,GRUPO ALEGA CANTABRIA,False
PRIMERA FEB,Liga Regular Único,CAJA RURAL CB ZAMORA,21,J. VAN ZEGEREN,89.9873%,51.0791%,False,1,GRUPO ALEGA CANTABRIA,False
PRIMERA FEB,Liga Regular Único,CAJA RURAL CB ZAMORA,3,C. ROGERS,67.5696%,55.6117%,True,1,GRUPO ALEGA CANTABRIA,False
PRIMERA FEB,Liga Regular Único,CAJA RURAL CB ZAMORA,2,T. ROBERTS,85.5944%,43.7136%,True,1,GRUPO ALEGA CANTABRIA,False
PRIMERA FEB,Liga Regular Único,CAJA RURAL CB ZAMORA,34,S. THRASTARSON,9.50998%,62.8153%,True,1,GRUPO ALEGA CANTABRIA,False
PRIMERA FEB,Liga Regular Único,CAJA RURAL CB ZAMORA,21,J. VAN ZEGEREN,8.10604%,49.3794%,True,1,GRUPO ALEGA CANTABRIA,False
PRIMERA FEB,Liga Regular Único,CAJA RURAL CB ZAMORA,13,A. MARTINEZ CLARIANA,6.56623%,56.9067%,True,1,GRUPO ALEGA CANTABRIA,False
PRIMERA FEB,Liga Regular Único,CAJA RURAL CB ZAMORA,55,J. PAUKSTÈ,8.37778%,41.8521%,False,1,GRUPO ALEGA CANTABRIA,False
PRIMERA FEB,Liga Regular Único,CAJA RURAL CB ZAMORA,3,C. ROGERS,89.4439%,25.5833%,False,1,GRUPO ALEGA CANTABRIA,False
PRIMERA FEB,Liga Regular Único,CAJA RURAL CB ZAMORA,3,C. ROGERS,79.888%,28.4162%,True,1,GRUPO ALEGA CANTABRIA,False
PRIMERA FEB,Liga Regular Único,CAJA RURAL CB ZAMORA,3,C. ROGERS,6.11338%,4.9438%,False,1,GRUPO ALEGA CANTABRIA,False
PRIMERA FEB,Liga Regular Único,CAJA RURAL CB ZAMORA,15,O. LO,9.91759%,45.1705%,False,1,GRUPO ALEGA CANTABRIA,False
PRIMERA FEB,Liga Regular Único,CAJA RURAL CB ZAMORA,2,T. ROBERTS,70.4228%,70.9902%,False,1,GRUPO ALEGA CANTABRIA,False
PRIMERA FEB,Liga Regular Único,CAJA RURAL CB ZAMORA,2,T. ROBERTS,69.1094%,70.5045%,True,1,GRUPO ALEGA CANTABRIA,False
PRIMERA FEB,Liga Regular Único,CAJA RURAL CB ZAMORA,9,J. PERIS CRESPO,70.7851%,27.2021%,False,1,GRUPO ALEGA CANTABRIA,False
PRIMERA FEB,Liga Regular Único,CAJA RURAL CB ZAMORA,14,D. KRISTENSEN,91.8894%,42.9043%,True,1,GRUPO ALEGA CANTABRIA,False
PRIMERA FEB,Liga Regular Único,CAJA RURAL CB ZAMORA,13,A. MARTINEZ CLARIANA,92.3876%,54.6405%,True,1,GRUPO ALEGA CANTABRIA,False
PRIMERA FEB,Liga Regular Único,CAJA RURAL CB ZAMORA,2,T. ROBERTS,9.60056%,41.2855%,False,1,GRUPO ALEGA CANTABRIA,False
PRIMERA FEB,Liga Regular Único,CAJA RURAL CB ZAMORA,2,T. ROBERTS,6.20391%,59.4968%,False,1,GRUPO ALEGA CANTABRIA,False
PRIMERA FEB,Liga Regular Único,CAJA RURAL CB ZAMORA,2,T. ROBERTS,16.575%,58.8493%,False,1,GRUPO ALEGA CANTABRIA,False
PRIMERA FEB,Liga Regular Único,CAJA RURAL CB ZAMORA,15,O. LO,91.2101%,52.9407%,False,1,GRUPO ALEGA CANTABRIA,False
PRIMERA FEB,Liga Regular Único,CAJA RURAL CB ZAMORA,15,O. LO,7.8343%,48.0844%,True,1,GRUPO ALEGA CANTABRIA,False
PRIMERA FEB,Liga Regular Único,CAJA RURAL CB ZAMORA,13,A. MARTINEZ CLARIANA,88.0852%,46.0609%,True,1,GRUPO ALEGA CANTABRIA,False
PRIMERA FEB,Liga Regular Único,CAJA RURAL CB ZAMORA,9,J. PERIS CRESPO,34.2374%,54.3976%,True,1,GRUPO ALEGA CANTABRIA,False
PRIMERA FEB,Liga Regular Único,CAJA RURAL CB ZAMORA,3,C. ROGERS,73.6383%,18.4607%,True,1,GRUPO ALEGA CANTABRIA,False
PRIMERA FEB,Liga Regular Único,CAJA RURAL CB ZAMORA,9,J. PERIS CRESPO,71.2833%,74.2277%,False,1,GRUPO ALEGA CANTABRIA,False
PRIMERA FEB,Liga Regular Único,CAJA RURAL CB ZAMORA,3,C. ROGERS,74.8157%,85.0736%,False,1,GRUPO ALEGA CANTABRIA,False
PRIMERA FEB,Liga Regular Único,CAJA RURAL CB ZAMORA,2,T. ROBERTS,91.4818%,57.3924%,True,1,GRUPO ALEGA CANTABRIA,False
PRIMERA FEB,Liga Regular Único,CAJA RURAL CB ZAMORA,55,J. PAUKSTÈ,74.6346%,49.0557%,False,1,GRUPO ALEGA CANTABRIA,False
PRIMERA FEB,Liga Regular Único,CAJA RURAL CB ZAMORA,2,T. ROBERTS,73.593%,85.2355%,True,1,GRUPO ALEGA CANTABRIA,False
PRIMERA FEB,Liga Regular Único,CAJA RURAL CB ZAMORA,3,C. ROGERS,24.8627%,39.181%,True,1,GRUPO ALEGA CANTABRIA,False
PRIMERA FEB,Liga Regular Único,CAJA RURAL CB ZAMORA,3,C. ROGERS,90.0326%,57.8781%,True,1,GRUPO ALEGA CANTABRIA,False
PRIMERA FEB,Liga Regular Único,CAJA RURAL CB ZAMORA,2,T. ROBERTS,85.8208%,34.4057%,False,1,GRUPO ALEGA CANTABRIA,False
PRIMERA FEB,Liga Regular Único,CAJA RURAL CB ZAMORA,9,J. PERIS CRESPO,15.6239%,39.5858%,True,1,GRUPO ALEGA CANTABRIA,False
PRIMERA FEB,Liga Regular Único,CAJA RURAL CB ZAMORA,9,J. PERIS CRESPO,24.9533%,45.4943%,True,1,GRUPO ALEGA CANTABRIA,False
PRIMERA FEB,Liga Regular Único,CAJA RURAL CB ZAMORA,15,O. LO,93.2481%,56.0164%,True,1,GRUPO ALEGA CANTABRIA,False
PRIMERA FEB,Liga Regular Único,CAJA RURAL CB ZAMORA,9,J. PERIS CRESPO,28.3952%,81.0266%,False,1,GRUPO ALEGA CANTABRIA,False
PRIMERA FEB,Liga Regular Único,CAJA RURAL CB ZAMORA,3,C. ROGERS,32.5164%,23.8026%,False,1,GRUPO ALEGA CANTABRIA,False
PRIMERA FEB,Liga Regular Único,CAJA RURAL CB ZAMORA,3,C. ROGERS,29.301%,19.7557%,False,1,GRUPO ALEGA CANTABRIA,False
PRIMERA FEB,Liga Regular Único,CAJA RURAL CB ZAMORA,2,T. ROBERTS,81.292%,28.5781%,True,1,GRUPO ALEGA CANTABRIA,False
PRIMERA FEB,Liga Regular Único,CAJA RURAL CB ZAMORA,2,T. ROBERTS,9.4647%,51.0791%,True,1,GRUPO ALEGA CANTABRIA,False
PRIMERA FEB,Liga Regular Único,CAJA RURAL CB ZAMORA,2,T. ROBERTS,33.4222%,50.3507%,True,1,GRUPO ALEGA CANTABRIA,False
PRIMERA FEB,Liga Regular Único,CAJA RURAL CB ZAMORA,55,J. PAUKSTÈ,12.4084%,50.8363%,False,1,GRUPO ALEGA CANTABRIA,False
PRIMERA FEB,Liga Regular Único,CAJA RURAL CB ZAMORA,9,J. PERIS CRESPO,78.8917%,72.2043%,True,1,GRUPO ALEGA CANTABRIA,False
PRIMERA FEB,Liga Regular Único,CAJA RURAL CB ZAMORA,14,D. KRISTENSEN,91.2101%,61.4393%,False,1,GRUPO ALEGA CANTABRIA,False
PRIMERA FEB,Liga Regular Único,CAJA RURAL CB ZAMORA,34,S. THRASTARSON,91.0742%,42.4996%,True,1,GRUPO ALEGA CANTABRIA,False
PRIMERA FEB,Liga Regular Único,CAJA RURAL CB ZAMORA,13,A. MARTINEZ CLARIANA,7.60786%,41.1236%,True,1,GRUPO ALEGA CANTABRIA,False
PRIMERA FEB,Liga Regular Único,CAJA RURAL CB ZAMORA,3,C. ROGERS,30.3426%,73.904%,True,1,GRUPO ALEGA CANTABRIA,False
PRIMERA FEB,Liga Regular Único,GRUPO CAESA SEGUROS FC CARTAGENA CB,2,A. GARUBA ALARI,94.4444%,43.9362%,True,1,FIBWI MALLORCA BASQUET PALMA,True
PRIMERA FEB,Liga Regular Único,GRUPO CAESA SEGUROS FC CARTAGENA CB,1,S. THOMAS,69.7222%,22.4645%,False,1,FIBWI MALLORCA BASQUET PALMA,True
PRIMERA FEB,Liga Regular Único,GRUPO CAESA SEGUROS FC CARTAGENA CB,3,T. SUOKAS,70%,22.2163%,False,1,FIBWI MALLORCA BASQUET PALMA,True
PRIMERA FEB,Liga Regular Único,GRUPO CAESA SEGUROS FC CARTAGENA CB,23,A. KELLY,10.0694%,39.9645%,False,1,FIBWI MALLORCA BASQUET PALMA,True
PRIMERA FEB,Liga Regular Único,GRUPO CAESA SEGUROS FC CARTAGENA CB,1,S. THOMAS,76.7361%,48.6525%,False,1,FIBWI MALLORCA BASQUET PALMA,True
PRIMERA FEB,Liga Regular Único,GRUPO CAESA SEGUROS FC CARTAGENA CB,4,I. RIVERA CARROLL,77.7083%,10.6738%,False,1,FIBWI MALLORCA BASQUET PALMA,True
PRIMERA FEB,Liga Regular Único,GRUPO CAESA SEGUROS FC CARTAGENA CB,20,S. SVEJCAR,6.38889%,43.6879%,True,1,FIBWI MALLORCA BASQUET PALMA,True
PRIMERA FEB,Liga Regular Único,GRUPO CAESA SEGUROS FC CARTAGENA CB,2,A. GARUBA ALARI,9.16667%,41.3298%,False,1,FIBWI MALLORCA BASQUET PALMA,True
PRIMERA FEB,Liga Regular Único,GRUPO CAESA SEGUROS FC CARTAGENA CB,23,A. KELLY,8.54167%,45.0532%,True,1,FIBWI MALLORCA BASQUET PALMA,True
PRIMERA FEB,Liga Regular Único,GRUPO CAESA SEGUROS FC CARTAGENA CB,5,A. MARTIN MARIN,8.40278%,45.4255%,True,1,FIBWI MALLORCA BASQUET PALMA,True
PRIMERA FEB,Liga Regular Único,GRUPO CAESA SEGUROS FC CARTAGENA CB,12,A. DOMENECH FONTANA,81.875%,93.7057%,False,1,FIBWI MALLORCA BASQUET PALMA,True
PRIMERA FEB,Liga Regular Único,GRUPO CAESA SEGUROS FC CARTAGENA CB,13,V. FAVERANI TATSCH,90.4167%,49.273%,True,1,FIBWI MALLORCA BASQUET PALMA,True
PRIMERA FEB,Liga Regular Único,GRUPO CAESA SEGUROS FC CARTAGENA CB,1,S. THOMAS,92.9167%,44.3085%,True,1,FIBWI MALLORCA BASQUET PALMA,True
PRIMERA FEB,Liga Regular Único,GRUPO CAESA SEGUROS FC CARTAGENA CB,1,S. THOMAS,89.5833%,47.4113%,False,1,FIBWI MALLORCA BASQUET PALMA,True
PRIMERA FEB,Liga Regular Único,GRUPO CAESA SEGUROS FC CARTAGENA CB,1,S. THOMAS,94.5833%,78.5638%,False,1,FIBWI MALLORCA BASQUET PALMA,True
PRIMERA FEB,Liga Regular Único,GRUPO CAESA SEGUROS FC CARTAGENA CB,11,E. IDEHEN IDEHEN,90.0694%,48.156%,False,1,FIBWI MALLORCA BASQUET PALMA,True
PRIMERA FEB,Liga Regular Único,GRUPO CAESA SEGUROS FC CARTAGENA CB,11,E. IDEHEN IDEHEN,88.125%,37.9787%,True,1,FIBWI MALLORCA BASQUET PALMA,True
PRIMERA FEB,Liga Regular Único,GRUPO CAESA SEGUROS FC CARTAGENA CB,12,A. DOMENECH FONTANA,67.4306%,57.3404%,False,1,FIBWI MALLORCA BASQUET PALMA,True
PRIMERA FEB,Liga Regular Único,GRUPO CAESA SEGUROS FC CARTAGENA CB,2,A. GARUBA ALARI,93.2639%,40.8333%,False,1,FIBWI MALLORCA BASQUET PALMA,True
PRIMERA FEB,Liga Regular Único,GRUPO CAESA SEGUROS FC CARTAGENA CB,12,A. DOMENECH FONTANA,4.51389%,45.3014%,True,1,FIBWI MALLORCA BASQUET PALMA,True
PRIMERA FEB,Liga Regular Único,GRUPO CAESA SEGUROS FC CARTAGENA CB,4,I. RIVERA CARROLL,90.6944%,41.7021%,True,1,FIBWI MALLORCA BASQUET PALMA,True
PRIMERA FEB,Liga Regular Único,GRUPO CAESA SEGUROS FC CARTAGENA CB,3,T. SUOKAS,91.3889%,48.0319%,True,1,FIBWI MALLORCA BASQUET PALMA,True
PRIMERA FEB,Liga Regular Único,GRUPO CAESA SEGUROS FC CARTAGENA CB,13,V. FAVERANI TATSCH,10.1389%,39.344%,False,1,FIBWI MALLORCA BASQUET PALMA,True
PRIMERA FEB,Liga Regular Único,GRUPO CAESA SEGUROS FC CARTAGENA CB,13,V. FAVERANI TATSCH,9.58333%,43.1915%,True,1,FIBWI MALLORCA BASQUET PALMA,True
PRIMERA FEB,Liga Regular Único,GRUPO CAESA SEGUROS FC CARTAGENA CB,3,T. SUOKAS,35.9722%,48.9007%,False,1,FIBWI MALLORCA BASQUET PALMA,True
PRIMERA FEB,Liga Regular Único,GRUPO CAESA SEGUROS FC CARTAGENA CB,11,E. IDEHEN IDEHEN,92.5694%,43.0674%,True,1,FIBWI MALLORCA BASQUET PALMA,True
PRIMERA FEB,Liga Regular Único,GRUPO CAESA SEGUROS FC CARTAGENA CB,4,I. RIVERA CARROLL,6.38889%,44.805%,True,1,FIBWI MALLORCA BASQUET PALMA,True
PRIMERA FEB,Liga Regular Único,GRUPO CAESA SEGUROS FC CARTAGENA CB,19,A. HARGUINDEY MANEIRO,10.4167%,4.46809%,True,1,FIBWI MALLORCA BASQUET PALMA,True
PRIMERA FEB,Liga Regular Único,GRUPO CAESA SEGUROS FC CARTAGENA CB,1,S. THOMAS,93.4028%,45.5496%,True,1,FIBWI MALLORCA BASQUET PALMA,True
PRIMERA FEB,Liga Regular Único,GRUPO CAESA SEGUROS FC CARTAGENA CB,23,A. KELLY,77.8472%,47.4113%,False,1,FIBWI MALLORCA BASQUET PALMA,True
PRIMERA FEB,Liga Regular Único,GRUPO CAESA SEGUROS FC CARTAGENA CB,5,A. MARTIN MARIN,6.11111%,42.1986%,True,1,FIBWI MALLORCA BASQUET PALMA,True
PRIMERA FEB,Liga Regular Único,GRUPO CAESA SEGUROS FC CARTAGENA CB,2,A. GARUBA ALARI,90.1389%,43.9362%,False,1,FIBWI MALLORCA BASQUET PALMA,True
PRIMERA FEB,Liga Regular Único,GRUPO CAESA SEGUROS FC CARTAGENA CB,2,A. GARUBA ALARI,16.25%,95.4433%,False,1,FIBWI MALLORCA BASQUET PALMA,True
PRIMERA FEB,Liga Regular Único,GRUPO CAESA SEGUROS FC CARTAGENA CB,11,E. IDEHEN IDEHEN,88.9583%,42.695%,False,1,FIBWI MALLORCA BASQUET PALMA,True
PRIMERA FEB,Liga Regular Único,GRUPO CAESA SEGUROS FC CARTAGENA CB,23,A. KELLY,26.4583%,9.92908%,False,1,FIBWI MALLORCA BASQUET PALMA,True
PRIMERA FEB,Liga Regular Único,GRUPO CAESA SEGUROS FC CARTAGENA CB,20,S. SVEJCAR,92.2222%,56.2234%,False,1,FIBWI MALLORCA BASQUET PALMA,True
PRIMERA FEB,Liga Regular Único,GRUPO CAESA SEGUROS FC CARTAGENA CB,11,E. IDEHEN IDEHEN,77.8472%,47.4113%,True,1,FIBWI MALLORCA BASQUET PALMA,True
PRIMERA FEB,Liga Regular Único,GRUPO CAESA SEGUROS FC CARTAGENA CB,13,V. FAVERANI TATSCH,91.5278%,51.6312%,True,1,FIBWI MALLORCA BASQUET PALMA,True
PRIMERA FEB,Liga Regular Único,GRUPO CAESA SEGUROS FC CARTAGENA CB,4,I. RIVERA CARROLL,26.7361%,89.4858%,False,1,FIBWI MALLORCA BASQUET PALMA,True
PRIMERA FEB,Liga Regular Único,GRUPO CAESA SEGUROS FC CARTAGENA CB,2,A. GARUBA ALARI,88.9583%,44.5567%,False,1,FIBWI MALLORCA BASQUET PALMA,True
PRIMERA FEB,Liga Regular Único,GRUPO CAESA SEGUROS FC CARTAGENA CB,1,S. THOMAS,36.5972%,39.9645%,False,1,FIBWI MALLORCA BASQUET PALMA,True
PRIMERA FEB,Liga Regular Único,GRUPO CAESA SEGUROS FC CARTAGENA CB,23,A. KELLY,65.7639%,51.383%,True,1,FIBWI MALLORCA BASQUET PALMA,True
PRIMERA FEB,Liga Regular Único,GRUPO CAESA SEGUROS FC CARTAGENA CB,2,A. GARUBA ALARI,92.6389%,45.7979%,False,1,FIBWI MALLORCA BASQUET PALMA,True
PRIMERA FEB,Liga Regular Único,GRUPO CAESA SEGUROS FC CARTAGENA CB,20,S. SVEJCAR,92.3611%,5.95745%,False,1,FIBWI MALLORCA BASQUET PALMA,True
PRIMERA FEB,Liga Regular Único,GRUPO CAESA SEGUROS FC CARTAGENA CB,13,V. FAVERANI TATSCH,32.7083%,58.2092%,True,1,FIBWI MALLORCA BASQUET PALMA,True
PRIMERA FEB,Liga Regular Único,GRUPO CAESA SEGUROS FC CARTAGENA CB,2,A. GARUBA ALARI,9.02778%,41.578%,True,1,FIBWI MALLORCA BASQUET PALMA,True
PRIMERA FEB,Liga Regular Único,GRUPO CAESA SEGUROS FC CARTAGENA CB,4,I. RIVERA CARROLL,90.0694%,48.156%,False,1,FIBWI MALLORCA BASQUET PALMA,True
PRIMERA FEB,Liga Regular Único,GRUPO CAESA SEGUROS FC CARTAGENA CB,13,V. FAVERANI TATSCH,24.6528%,46.7908%,False,1,FIBWI MALLORCA BASQUET PALMA,True
PRIMERA FEB,Liga Regular Único,GRUPO CAESA SEGUROS FC CARTAGENA CB,2,A. GARUBA ALARI,91.6667%,44.9291%,True,1,FIBWI MALLORCA BASQUET PALMA,True
PRIMERA FEB,Liga Regular Único,GRUPO CAESA SEGUROS FC CARTAGENA CB,13,V. FAVERANI TATSCH,6.18056%,46.9149%,True,1,FIBWI MALLORCA BASQUET PALMA,True
PRIMERA FEB,Liga Regular Único,GRUPO CAESA SEGUROS FC CARTAGENA CB,20,S. SVEJCAR,34.5833%,48.0319%,False,1,FIBWI MALLORCA BASQUET PALMA,True
PRIMERA FEB,Liga Regular Único,GRUPO CAESA SEGUROS FC CARTAGENA CB,20,S. SVEJCAR,29.7917%,17.6241%,True,1,FIBWI MALLORCA BASQUET PALMA,True
PRIMERA FEB,Liga Regular Único,GRUPO CAESA SEGUROS FC CARTAGENA CB,5,A. MARTIN MARIN,36.7361%,49.6454%,False,1,FIBWI MALLORCA BASQUET PALMA,True
PRIMERA FEB,Liga Regular Único,GRUPO CAESA SEGUROS FC CARTAGENA CB,12,A. DOMENECH FONTANA,29.3056%,14.7695%,False,1,FIBWI MALLORCA BASQUET PALMA,True
PRIMERA FEB,Liga Regular Único,FIBWI MALLORCA BASQUET PALMA,34,P. SANTOS SPENCER,90.9028%,49.273%,True,1,GRUPO CAESA SEGUROS FC CARTAGENA CB,False
PRIMERA FEB,Liga Regular Único,FIBWI MALLORCA BASQUET PALMA,99,P. BOMBINO PARADA,91.6667%,41.578%,True,1,GRUPO CAESA SEGUROS FC CARTAGENA CB,False
PRIMERA FEB,Liga Regular Único,FIBWI MALLORCA BASQUET PALMA,6,J. BOCCA,18.8889%,48.156%,False,1,GRUPO CAESA SEGUROS FC CARTAGENA CB,False
PRIMERA FEB,Liga Regular Único,FIBWI MALLORCA BASQUET PALMA,34,P. SANTOS SPENCER,77.2917%,9.06028%,False,1,GRUPO CAESA SEGUROS FC CARTAGENA CB,False
PRIMERA FEB,Liga Regular Único,FIBWI MALLORCA BASQUET PALMA,23,J. ARAMBURU LAMY,91.4583%,43.0674%,True,1,GRUPO CAESA SEGUROS FC CARTAGENA CB,False
PRIMERA FEB,Liga Regular Único,FIBWI MALLORCA BASQUET PALMA,24,L. CAPALBO,70.9722%,14.273%,False,1,GRUPO CAESA SEGUROS FC CARTAGENA CB,False
PRIMERA FEB,Liga Regular Único,FIBWI MALLORCA BASQUET PALMA,30,J. MARTINEZ CABEZUDO,29.8611%,76.7021%,False,1,GRUPO CAESA SEGUROS FC CARTAGENA CB,False
PRIMERA FEB,Liga Regular Único,FIBWI MALLORCA BASQUET PALMA,24,L. CAPALBO,8.40278%,49.3972%,True,1,GRUPO CAESA SEGUROS FC CARTAGENA CB,False
PRIMERA FEB,Liga Regular Único,FIBWI MALLORCA BASQUET PALMA,34,P. SANTOS SPENCER,77.7778%,9.1844%,False,1,GRUPO CAESA SEGUROS FC CARTAGENA CB,False
PRIMERA FEB,Liga Regular Único,FIBWI MALLORCA BASQUET PALMA,6,J. BOCCA,67.0139%,70.6206%,False,1,GRUPO CAESA SEGUROS FC CARTAGENA CB,False
PRIMERA FEB,Liga Regular Único,FIBWI MALLORCA BASQUET PALMA,30,J. MARTINEZ CABEZUDO,34.0278%,34.0071%,False,1,GRUPO CAESA SEGUROS FC CARTAGENA CB,False
PRIMERA FEB,Liga Regular Único,FIBWI MALLORCA BASQUET PALMA,23,J. ARAMBURU LAMY,66.6667%,57.4645%,False,1,GRUPO CAESA SEGUROS FC CARTAGENA CB,False
PRIMERA FEB,Liga Regular Único,FIBWI MALLORCA BASQUET PALMA,30,J. MARTINEZ CABEZUDO,5.83333%,52.0035%,True,1,GRUPO CAESA SEGUROS FC CARTAGENA CB,False
PRIMERA FEB,Liga Regular Único,FIBWI MALLORCA BASQUET PALMA,33,L. BRACEY,72.3611%,78.9362%,True,1,GRUPO CAESA SEGUROS FC CARTAGENA CB,False
PRIMERA FEB,Liga Regular Único,FIBWI MALLORCA BASQUET PALMA,33,L. BRACEY,90.7639%,43.0674%,True,1,GRUPO CAESA SEGUROS FC CARTAGENA CB,False
PRIMERA FEB,Liga Regular Único,FIBWI MALLORCA BASQUET PALMA,24,L. CAPALBO,33.75%,47.6596%,False,1,GRUPO CAESA SEGUROS FC CARTAGENA CB,False
PRIMERA FEB,Liga Regular Único,FIBWI MALLORCA BASQUET PALMA,23,J. ARAMBURU LAMY,6.18056%,49.3972%,True,1,GRUPO CAESA SEGUROS FC CARTAGENA CB,False
PRIMERA FEB,Liga Regular Único,FIBWI MALLORCA BASQUET PALMA,1,L. SMITH,5.06944%,50.266%,True,1,GRUPO CAESA SEGUROS FC CARTAGENA CB,False
PRIMERA FEB,Liga Regular Único,FIBWI MALLORCA BASQUET PALMA,34,P. SANTOS SPENCER,94.5139%,4.21986%,True,1,GRUPO CAESA SEGUROS FC CARTAGENA CB,False
PRIMERA FEB,Liga Regular Único,FIBWI MALLORCA BASQUET PALMA,99,P. BOMBINO PARADA,77.0139%,37.234%,False,1,GRUPO CAESA SEGUROS FC CARTAGENA CB,False
PRIMERA FEB,Liga Regular Único,FIBWI MALLORCA BASQUET PALMA,33,L. BRACEY,31.5278%,77.9433%,False,1,GRUPO CAESA SEGUROS FC CARTAGENA CB,False
PRIMERA FEB,Liga Regular Único,FIBWI MALLORCA BASQUET PALMA,33,L. BRACEY,75.625%,11.0461%,True,1,GRUPO CAESA SEGUROS FC CARTAGENA CB,False
PRIMERA FEB,Liga Regular Único,FIBWI MALLORCA BASQUET PALMA,6,J. BOCCA,5.20833%,46.2943%,True,1,GRUPO CAESA SEGUROS FC CARTAGENA CB,False
PRIMERA FEB,Liga Regular Único,FIBWI MALLORCA BASQUET PALMA,30,J. MARTINEZ CABEZUDO,4.30556%,48.4043%,True,1,GRUPO CAESA SEGUROS FC CARTAGENA CB,False
PRIMERA FEB,Liga Regular Único,FIBWI MALLORCA BASQUET PALMA,23,J. ARAMBURU LAMY,29.2361%,21.9681%,False,1,GRUPO CAESA SEGUROS FC CARTAGENA CB,False
PRIMERA FEB,Liga Regular Único,FIBWI MALLORCA BASQUET PALMA,44,B. VAZQUEZ ARRAIZA,25.3472%,87.5%,False,1,GRUPO CAESA SEGUROS FC CARTAGENA CB,False
PRIMERA FEB,Liga Regular Único,FIBWI MALLORCA BASQUET PALMA,30,J. MARTINEZ CABEZUDO,21.7361%,37.8546%,False,1,GRUPO CAESA SEGUROS FC CARTAGENA CB,False
PRIMERA FEB,Liga Regular Único,FIBWI MALLORCA BASQUET PALMA,33,L. BRACEY,67.8472%,24.6986%,True,1,GRUPO CAESA SEGUROS FC CARTAGENA CB,False
PRIMERA FEB,Liga Regular Único,FIBWI MALLORCA BASQUET PALMA,99,P. BOMBINO PARADA,11.6667%,39.344%,True,1,GRUPO CAESA SEGUROS FC CARTAGENA CB,False
PRIMERA FEB,Liga Regular Único,FIBWI MALLORCA BASQUET PALMA,33,L. BRACEY,10%,51.5071%,False,1,GRUPO CAESA SEGUROS FC CARTAGENA CB,False
PRIMERA FEB,Liga Regular Único,FIBWI MALLORCA BASQUET PALMA,34,P. SANTOS SPENCER,67.8472%,32.6418%,False,1,GRUPO CAESA SEGUROS FC CARTAGENA CB,False
PRIMERA FEB,Liga Regular Único,FIBWI MALLORCA BASQUET PALMA,23,J. ARAMBURU LAMY,35.3472%,53.3688%,False,1,GRUPO CAESA SEGUROS FC CARTAGENA CB,False
PRIMERA FEB,Liga Regular Único,FIBWI MALLORCA BASQUET PALMA,6,J. BOCCA,89.9306%,4.09574%,False,1,GRUPO CAESA SEGUROS FC CARTAGENA CB,False
PRIMERA FEB,Liga Regular Único,FIBWI MALLORCA BASQUET PALMA,99,P. BOMBINO PARADA,9.16667%,51.1347%,True,1,GRUPO CAESA SEGUROS FC CARTAGENA CB,False
PRIMERA FEB,Liga Regular Único,FIBWI MALLORCA BASQUET PALMA,6,J. BOCCA,29.7917%,24.2021%,True,1,GRUPO CAESA SEGUROS FC CARTAGENA CB,False
PRIMERA FEB,Liga Regular Único,FIBWI MALLORCA BASQUET PALMA,33,L. BRACEY,92.2917%,25.4433%,False,1,GRUPO CAESA SEGUROS FC CARTAGENA CB,False
PRIMERA FEB,Liga Regular Único,FIBWI MALLORCA BASQUET PALMA,6,J. BOCCA,23.9583%,89.8582%,False,1,GRUPO CAESA SEGUROS FC CARTAGENA CB,False
PRIMERA FEB,Liga Regular Único,FIBWI MALLORCA BASQUET PALMA,24,L. CAPALBO,24.5833%,90.6028%,False,1,GRUPO CAESA SEGUROS FC CARTAGENA CB,False
PRIMERA FEB,Liga Regular Único,FIBWI MALLORCA BASQUET PALMA,33,L. BRACEY,91.5972%,33.1383%,False,1,GRUPO CAESA SEGUROS FC CARTAGENA CB,False
PRIMERA FEB,Liga Regular Único,FIBWI MALLORCA BASQUET PALMA,23,J. ARAMBURU LAMY,65.2083%,43.0674%,True,1,GRUPO CAESA SEGUROS FC CARTAGENA CB,False
PRIMERA FEB,Liga Regular Único,FIBWI MALLORCA BASQUET PALMA,99,P. BOMBINO PARADA,90.8333%,23.5816%,False,1,GRUPO CAESA SEGUROS FC CARTAGENA CB,False
PRIMERA FEB,Liga Regular Único,FIBWI MALLORCA BASQUET PALMA,24,L. CAPALBO,30.5556%,74.0957%,False,1,GRUPO CAESA SEGUROS FC CARTAGENA CB,False
PRIMERA FEB,Liga Regular Único,FIBWI MALLORCA BASQUET PALMA,23,J. ARAMBURU LAMY,26.3194%,84.273%,False,1,GRUPO CAESA SEGUROS FC CARTAGENA CB,False
PRIMERA FEB,Liga Regular Único,FIBWI MALLORCA BASQUET PALMA,44,B. VAZQUEZ ARRAIZA,31.4583%,26.0638%,False,1,GRUPO CAESA SEGUROS FC CARTAGENA CB,False
PRIMERA FEB,Liga Regular Único,FIBWI MALLORCA BASQUET PALMA,6,J. BOCCA,94.0972%,4.46809%,True,1,GRUPO CAESA SEGUROS FC CARTAGENA CB,False
PRIMERA FEB,Liga Regular Único,FIBWI MALLORCA BASQUET PALMA,34,P. SANTOS SPENCER,67.5694%,31.4007%,False,1,GRUPO CAESA SEGUROS FC CARTAGENA CB,False
PRIMERA FEB,Liga Regular Único,FIBWI MALLORCA BASQUET PALMA,6,J. BOCCA,93.8889%,42.8191%,True,1,GRUPO CAESA SEGUROS FC CARTAGENA CB,False
PRIMERA FEB,Liga Regular Único,FIBWI MALLORCA BASQUET PALMA,34,P. SANTOS SPENCER,93.6806%,53.7411%,True,1,GRUPO CAESA SEGUROS FC CARTAGENA CB,False
PRIMERA FEB,Liga Regular Único,FIBWI MALLORCA BASQUET PALMA,44,B. VAZQUEZ ARRAIZA,78.4722%,36.3652%,False,1,GRUPO CAESA SEGUROS FC CARTAGENA CB,False
PRIMERA FEB,Liga Regular Único,FIBWI MALLORCA BASQUET PALMA,44,B. VAZQUEZ ARRAIZA,4.65278%,55.3546%,True,1,GRUPO CAESA SEGUROS FC CARTAGENA CB,False
PRIMERA FEB,Liga Regular Único,FIBWI MALLORCA BASQUET PALMA,33,L. BRACEY,20%,47.6596%,False,1,GRUPO CAESA SEGUROS FC CARTAGENA CB,False
PRIMERA FEB,Liga Regular Único,FIBWI MALLORCA BASQUET PALMA,99,P. BOMBINO PARADA,90.2083%,45.0532%,True,1,GRUPO CAESA SEGUROS FC CARTAGENA CB,False
PRIMERA FEB,Liga Regular Único,FIBWI MALLORCA BASQUET PALMA,23,J. ARAMBURU LAMY,88.4028%,51.2589%,False,1,GRUPO CAESA SEGUROS FC CARTAGENA CB,False
PRIMERA FEB,Liga Regular Único,FIBWI MALLORCA BASQUET PALMA,34,P. SANTOS SPENCER,89.375%,5.95745%,False,1,GRUPO CAESA SEGUROS FC CARTAGENA CB,False
PRIMERA FEB,Liga Regular Único,FIBWI MALLORCA BASQUET PALMA,30,J. MARTINEZ CABEZUDO,65.3472%,48.0319%,False,1,GRUPO CAESA SEGUROS FC CARTAGENA CB,False
PRIMERA FEB,Liga Regular Único,FIBWI MALLORCA BASQUET PALMA,33,L. BRACEY,67.9167%,17.7482%,False,1,GRUPO CAESA SEGUROS FC CARTAGENA CB,False
PRIMERA FEB,Liga Regular Único,FIBWI MALLORCA BASQUET PALMA,44,B. VAZQUEZ ARRAIZA,87.8472%,50.7624%,False,1,GRUPO CAESA SEGUROS FC CARTAGENA CB,False
PRIMERA FEB,Liga Regular Único,FIBWI MALLORCA BASQUET PALMA,23,J. ARAMBURU LAMY,90.4167%,61.0638%,False,1,GRUPO CAESA SEGUROS FC CARTAGENA CB,False
PRIMERA FEB,Liga Regular Único,FIBWI MALLORCA BASQUET PALMA,44,B. VAZQUEZ ARRAIZA,83.1944%,48.9007%,False,1,GRUPO CAESA SEGUROS FC CARTAGENA CB,False
PRIMERA FEB,Liga Regular Único,FIBWI MALLORCA BASQUET PALMA,44,B. VAZQUEZ ARRAIZA,66.5972%,32.766%,True,1,GRUPO CAESA SEGUROS FC CARTAGENA CB,False
PRIMERA FEB,Liga Regular Único,FIBWI MALLORCA BASQUET PALMA,23,J. ARAMBURU LAMY,8.05556%,35.1241%,True,1,GRUPO CAESA SEGUROS FC CARTAGENA CB,False
PRIMERA FEB,Liga Regular Único,FIBWI MALLORCA BASQUET PALMA,99,P. BOMBINO PARADA,5.625%,44.4326%,False,1,GRUPO CAESA SEGUROS FC CARTAGENA CB,False
PRIMERA FEB,Liga Regular Único,FIBWI MALLORCA BASQUET PALMA,1,L. SMITH,8.75%,45.1773%,False,1,GRUPO CAESA SEGUROS FC CARTAGENA CB,False
PRIMERA FEB,Liga Regular Único,FIBWI MALLORCA BASQUET PALMA,99,P. BOMBINO PARADA,4.51389%,50.266%,True,1,GRUPO CAESA SEGUROS FC CARTAGENA CB,False
PRIMERA FEB,Liga Regular Único,FIBWI MALLORCA BASQUET PALMA,44,B. VAZQUEZ ARRAIZA,32.9167%,31.7731%,False,1,GRUPO CAESA SEGUROS FC CARTAGENA CB,False
PRIMERA FEB,Liga Regular Único,FIBWI MALLORCA BASQUET PALMA,33,L. BRACEY,65.0694%,64.7872%,False,1,GRUPO CAESA SEGUROS FC CARTAGENA CB,False
PRIMERA FEB,Liga Regular Único,FIBWI MALLORCA BASQUET PALMA,23,J. ARAMBURU LAMY,8.26389%,39.7163%,False,1,GRUPO CAESA SEGUROS FC CARTAGENA CB,False
PRIMERA FEB,Liga Regular Único,FIBWI MALLORCA BASQUET PALMA,6,J. BOCCA,69.0972%,19.9823%,False,1,GRUPO CAESA SEGUROS FC CARTAGENA CB,False
